,coef_on_log1p_SalePrice
__intercept__,11.919313745567917
Condition2_RRAe,-0.24825371424705672
Exterior1st_BrkComm,-0.23358882096301684
Heating_Wall,0.18377916874213435
RoofStyle_Shed,0.17974742463929164
Exterior1st_AsphShn,0.17772935027148365
Neighborhood_MeadowV,-0.15455014817151225
Condition2_PosA,0.14869292200426196
Condition2_PosN,-0.1436818583715976
Exterior2nd_ImStucc,0.1308719936893644
Neighborhood_StoneBr,0.11834128676580806
Heating_Grav,-0.11563614582626097
Exterior1st_BrkFace,0.11161152008816301
Condition2_Feedr,0.11117174807865257
Neighborhood_Crawfor,0.10990019710237475
Heating_Floor,-0.1048815380713792
Exterior2nd_CmentBd,0.10180640416417444
SaleType_Oth,0.10095958225973611
MSZoning_C (all),-0.09342831985037632
Exterior2nd_Other,-0.08454915885482663
Exterior2nd_Stone,-0.08355483840868938
SaleType_ConLI,-0.08277860952878704
Condition2_RRNn,0.08073701018058269
LotConfig_FR3,-0.07921045194340844
SaleCondition_Alloca,0.07277734225280331
GrLivArea,0.07096020677569481
Heating_GasW,0.07050787382382549
Exterior1st_MetalSd,0.07024318369911091
RoofStyle_Gable,-0.06966898389119064
RoofStyle_Hip,-0.06920918360687464
HouseStyle_2.5Fin,-0.06920681079262311
Exterior1st_ImStucc,-0.06834540836384921
SaleType_Con,0.06434136668392952
OverallQual,0.0640920885600322
SaleType_New,0.06341460440522317
YearBuilt,0.06282383029846335
Condition1_RRAe,-0.06204788836098111
SaleType_ConLw,-0.06177087504084434
Street_Pave,0.0615905198872196
Street_Grvl,-0.06159051988721845
BldgType_2fmCon,0.05992432922964892
Neighborhood_NridgHt,0.0592506461372401
Neighborhood_NPkVill,0.05773358586270046
Exterior2nd_BrkFace,-0.05547010338178371
SaleType_WD,-0.05520042773678751
Neighborhood_Blueste,-0.05450184812144613
RoofStyle_Gambrel,-0.05407452868018451
Exterior2nd_AsphShn,-0.05368742857532957
RoofMatl_WdShake,-0.0535393904305242
LotConfig_CulDSac,0.05330705222264353
MasVnrType_BrkCmn,-0.05195553826462372
GarageType_2Types,-0.05068820432613371
Neighborhood_Veenker,0.0503107075390892
Foundation_Wood,-0.049937512854198965
CentralAir_Y,0.049348884963996996
CentralAir_N,-0.049348884963983146
RoofMatl_WdShngl,0.04923554427112821
MSZoning_RH,0.04786592411761818
Exterior2nd_Wd Sdng,0.0471632865804182
SaleType_COD,-0.04611961363854015
2ndFlrSF,0.04595710077989875
MasVnrType_Stone,0.04406399028533509
Foundation_Stone,0.044049634931160604
RoofMatl_Metal,0.0431490633900721
SaleCondition_Partial,-0.04284711403688625
Condition1_Norm,0.04282368212802157
Condition1_RRAn,0.0427792776611768
Condition1_PosN,0.042475162898330615
1stFlrSF,0.041427676236393
OverallCond,0.0409737320450544
Neighborhood_BrDale,-0.04019977826025894
Condition1_Artery,-0.040152640105726216
Neighborhood_NWAmes,-0.038476573420138646
Neighborhood_Gilbert,-0.03791056408906515
RoofMatl_Tar&Grv,-0.03777373596253001
MSZoning_FV,0.03762054727833362
Neighborhood_BrkSide,0.0370963673076795
Exterior2nd_MetalSd,-0.03691000132761674
Neighborhood_SWISU,0.036887877899801434
Condition2_Norm,0.036592944833569944
HouseStyle_SLvl,0.03640837510871346
TotalBsmtSF,0.03540665204184558
BldgType_Twnhs,-0.035327549023055065
GarageQual,0.03467329569876676
SaleCondition_Abnorml,-0.03390731330012837
Exterior1st_WdShing,-0.03297857264261426
Exterior1st_CemntBd,-0.03248655522518182
HouseStyle_1.5Unf,0.03190470792326511
Neighborhood_CollgCr,-0.03184691975404848
MSSubClass,-0.030329402284802638
SaleCondition_Normal,0.030121113791655368
Alley_Pave,0.029616094732887954
Alley_Grvl,-0.02961609473288263
Neighborhood_Mitchel,-0.02923596104585688
BsmtFinSF1,0.028961509041442794
GarageType_Basment,0.028768253470566302
Exterior2nd_Wd Shng,0.027685314007611202
GarageCond,-0.027383774662456922
Functional,0.027090051271754838
Electrical_FuseP,-0.027003730845429622
Neighborhood_SawyerW,-0.025622817141994145
Heating_OthW,-0.02517112036774225
Neighborhood_Somerst,-0.024812274579122374
Neighborhood_NAmes,-0.0244122888218889
Electrical_FuseA,0.023825674847012285
HouseStyle_1Story,-0.023672446362737937
MSZoning_RL,0.02311594640951982
HouseStyle_SFoyer,0.02220133017749159
SaleCondition_AdjLand,-0.021444532733140304
HouseStyle_1.5Fin,-0.021410788281036174
HouseStyle_2.5Unf,0.021268685715301647
Exterior2nd_Stucco,0.020814124975170944
LotArea,0.020242174690575626
Exterior1st_Wd Sdng,-0.01979567668521206
Condition2_RRAn,0.01967607400737982
Neighborhood_Edwards,-0.019375968511556197
BldgType_Duplex,-0.01891567009315398
Exterior2nd_Brk Cmn,-0.01851059646936591
Foundation_PConc,0.017920093691542696
Exterior1st_Stucco,-0.0178415355918298
Condition1_RRNe,-0.017433862946579694
Exterior1st_VinylSd,0.01703817922423692
BsmtFullBath,0.017021600284096935
YearRemodAdd,0.016194269499486613
GarageArea,0.016161238757637836
MSZoning_RM,-0.01517409795508745
GarageCars,0.015168956345516241
Neighborhood_Blmngtn,0.015128322556038971
Neighborhood_IDOTRR,0.014468342153705707
WoodDeckSF,0.013860276552718986
LotConfig_Corner,0.013687758993102098
LotFrontage,0.01304950885054871
HalfBath,0.012801508476866875
LandContour_Low,-0.012628048001940336
Exterior1st_AsbShng,0.012535464908601595
BsmtExposure,0.012237286100329117
LandContour_HLS,0.012187996832961885
OpenPorchSF,0.012179240928576597
Exterior1st_Plywood,0.012072431059001677
Neighborhood_NoRidge,-0.011514932814416137
LotConfig_Inside,0.011065696603597306
SaleType_CWD,0.010732261865826397
Foundation_BrkTil,-0.010614761385820324
BldgType_1Fam,-0.010468479765369642
FireplaceQu,0.010240913205022042
Foundation_CBlock,-0.009946239050718028
KitchenAbvGr,-0.009258797926390143
ExterCond,-0.008894782335814378
HeatingQC,0.008722505509169087
GarageType_Detchd,0.008638300969662609
Heating_GasA,-0.008598238300575139
Foundation_Slab,0.00852878466804104
Neighborhood_Sawyer,-0.007904373096673472
GarageType_Attchd,0.007900580172780362
MasVnrType_BrkFace,0.0078915479792947
RoofStyle_Mansard,0.007829944111417731
FullBath,0.007762594000858037
LowQualFinSF,0.00730896247939275
Fireplaces,0.007201172311955165
Exterior2nd_HdBoard,0.007015270428326092
Condition1_RRNn,-0.006920442641265906
Utilities,0.006904951132805988
SaleType_ConLD,0.00642171073022416
PavedDrive,0.00608154785827727
BsmtFinType1,0.005545934892140135
Exterior2nd_VinylSd,0.005446081811018914
MasVnrArea,0.005423148527071788
RoofStyle_Flat,0.005375327427550245
Exterior2nd_AsbShng,-0.00526046475137596
KitchenQual,0.005068777416307679
ExterQual,0.0049505810025193935
Condition2_Artery,-0.004935126485789837
BldgType_TwnhsE,0.004787369651950948
SaleCondition_Family,-0.004699495974308174
GarageType_CarPort,0.004288203194464677
LandSlope,0.004245315881961739
BsmtHalfBath,0.0041065690460540295
BsmtUnfSF,0.004101074838630123
GarageYrBlt,0.004041499710295554
Electrical_FuseF,0.003881020561237942
Exterior1st_HdBoard,0.0036803296631255783
YrSold,-0.0034047886431163646
Exterior2nd_Plywood,-0.0029859944450578795
LandContour_Lvl,0.0028252344333991033
BedroomAbvGr,0.002623929878056373
LotShape,-0.002555514087353196
HouseStyle_2Story,0.0025069465115608106
LandContour_Bnk,-0.0023851832644345844
TotRmsAbvGrd,0.002229368124223561
BsmtQual,0.0021388978853507414
Condition1_Feedr,-0.0020457129311227343
Neighborhood_OldTown,0.0016606491735881984
BsmtFinType2,0.001493079807863687
BsmtFinSF2,0.001287172269525296
LotConfig_FR2,0.001149944124053943
GarageType_BuiltIn,0.0010928665186566173
RoofMatl_CompShg,-0.001071481268154641
MoSold,-0.0010015092898630513
Electrical_SBrkr,-0.0007029645628103048
Neighborhood_Timber,-0.0006031980722425142
GarageFinish,-0.000539618767249693
Condition1_PosA,0.0005224242981397174
BsmtCond,-0.00019026022911958727
Neighborhood_ClearCr,0.00018966340217869363
Exterior1st_CBlock,0.00012611055794893182
Exterior2nd_CBlock,0.00012611055794849722
